16,II,GU va,Travel,95,19.00
1,kk,mai lu,lol,7,100.00
2,Book Title 2,Author 2,Science,5,15.49
3,Book Title 3,Author 3,History,18,9.99
4,Book Title 4,Author 4,Technology,13,20.00
5,Book Title 5,Author 5,Philosophy,15,18.75
6,Book Title 6,Author 6,Mathematics,7,25.00
7,Book Title 7,Author 7,Art,9,30.00
8,Book Title 8,Author 8,Biography,6,10.50
9,Book Title 9,Author 9,Fantasy,17,8.99
10,Book Title 10,Author 10,Travel,11,14.99
11,Book Title 11,Author 11,Travel,11,14.99
12,T,OO,Travel,48,49.00
14,P,PP,Travel,13,99.00
15,kk,Gu,Travel,7,150.00
